year,territory,policies,premium,ctr_policies,ctr_manual_premium,ctr_consented_premium,pct_ctr_policies,pct_ctr_premium,avg_diff_per_ctr_policy,markup_pct_over_manual
2022,110,15248,40362232,5832,10503816,13513039,38.2,33.5,516,28.6
2022,120,31459,64892836,7270,9210666,11888269,23.1,18.3,368,29.1
2022,130,18992,24585760,2885,3633453,4872473,15.2,19.8,430,34.1
2022,140,99022,137030895,20612,27141745,33797421,20.8,24.7,323,24.5
2022,150,54333,69350906,14015,18798957,24860493,25.8,35.8,432,32.2
2022,160,51566,56506724,11947,13376420,17285851,23.2,30.6,327,29.2
2022,170,5630,7553656,2451,2815522,3838236,43.5,50.8,417,36.3
2022,180,64480,97434707,28030,36898004,49384834,43.5,50.7,445,33.8
2022,190,16229,26732632,6474,9210458,12256578,39.9,45.8,471,33.1
2022,200,7679,13652336,2894,4355763,5818613,37.7,42.6,506,33.6
2022,210,24585,31167532,9472,10725096,14384990,38.5,46.2,386,34.1
2022,220,73974,115723741,37435,53204375,69517535,50.6,60.1,436,30.7
2022,230,20375,30340108,8225,10671690,14187750,40.4,46.8,427,32.9
2022,240,112899,145877767,41769,50652200,66866478,37.0,45.8,388,32.0
2022,250,48301,67778813,19372,26417816,34318914,40.1,50.6,408,29.9
2022,260,35983,43390081,16261,16534608,22421254,45.2,51.7,362,35.6
2022,270,354850,506916820,155106,203806796,268016697,43.7,52.9,414,31.5
2022,280,55849,79502112,22549,29588546,38144699,40.4,48.0,379,28.9
2022,290,44810,60948499,16679,21610438,27346563,37.2,44.9,344,26.5
2022,300,17612,22274903,6329,7218583,9466738,35.9,42.5,355,31.1
2022,310,320738,362003672,140006,140927416,184863104,43.7,51.1,314,31.2
2022,320,170530,192978991,59424,64100746,81887685,34.8,42.4,299,27.7
2022,330,8930,9038415,3204,2896390,3709418,35.9,41.0,254,28.1
2022,340,396115,543165492,194496,231381572,309883168,49.1,57.1,404,33.9
2022,350,123267,136954653,47548,48571708,63464796,38.6,46.3,313,30.7
2022,360,245317,280871501,97970,101423240,129025835,39.9,45.9,282,27.2
2022,370,13941,18399642,4349,5394586,6744583,31.2,36.7,310,25.0
2022,380,45310,54104231,17876,19829677,24866092,39.5,46.0,282,25.4
2022,390,53010,66784859,18705,22238180,27956278,35.3,41.9,306,25.7
2022,Statewide,2531032,3306324518,1019184,1203138466,1574588383,40.3,47.6,364,30.9
2023,110,19737,51956929,7159,22860163,26498604,36.3,51.0,508,15.9
2023,120,31458,69471669,9765,27009946,31060382,31.0,44.7,415,15.0
2023,130,15092,22201228,3652,6361478,7955591,24.2,35.8,437,25.1
2023,140,104879,155391950,22483,43286171,51468606,21.4,33.1,364,18.9
2023,150,55588,77834371,14506,22372864,29961892,26.1,38.5,523,33.9
2023,160,54430,67349055,12893,17433421,22183122,23.7,32.9,368,27.2
2023,170,5652,8605727,2806,3630133,4960151,49.6,57.6,474,36.6
2023,180,67407,113854946,30140,43974149,59791596,44.7,52.5,525,36.0
2023,190,16764,30146646,7080,11030538,14830850,42.2,49.2,537,34.5
2023,200,7932,15152358,3417,5589147,7441074,43.1,49.1,542,33.1
2023,210,25311,35826181,10703,13423549,18195625,42.3,50.8,446,35.6
2023,220,74839,136665871,41545,65910203,90588457,55.5,66.3,594,37.4
2023,230,20810,33773203,9042,12817596,17232717,43.4,51.0,488,34.4
2023,240,116988,171601929,48671,65311748,88322102,41.6,51.5,473,35.2
2023,250,49984,81163934,23544,34884629,48050977,47.1,59.2,559,37.7
2023,260,36896,50052797,18426,20564341,28542365,49.9,57.0,433,38.8
2023,270,364105,598860402,167583,247341897,339790598,46.0,56.7,552,37.4
2023,280,57033,92995211,25446,37396179,49679775,44.6,53.4,483,32.8
2023,290,46293,72199103,19767,28419812,37166387,42.7,51.5,442,30.8
2023,300,17596,25229794,7514,9548477,12634276,42.7,50.1,411,32.3
2023,310,326347,416785059,162024,180004002,240026736,49.6,57.6,370,33.3
2023,320,174404,223777400,72646,87165184,112690103,41.7,50.4,351,29.3
2023,330,9109,10285232,3868,3881938,4974589,42.5,48.4,282,28.1
2023,340,403050,631714709,212577,283047722,388247661,52.7,61.5,495,37.2
2023,350,125578,159157058,56258,63492150,84349901,44.8,53.0,371,32.9
2023,360,247900,321545578,112699,129391925,166917228,45.5,51.9,333,29.0
2023,370,13440,20963260,5163,7136828,9051354,38.4,43.2,371,26.8
2023,380,44910,61635277,20280,25255675,32351906,45.2,52.5,350,28.1
2023,390,51206,76112192,20819,27920116,36238368,40.7,47.6,400,29.8
2023,Statewide,2584738,3832309067,1152475,1546461981,2061202993,44.6,53.8,447,33.3
2024,110,19761,50399567,7057,27334991,31049067,35.7,61.6,526,13.6
2024,120,26561,61220920,10664,36416448,42454581,40.2,69.3,566,16.6
2024,130,14323,23585345,4268,7895038,9934298,29.8,42.1,478,25.8
2024,140,110162,173047624,28508,61521333,74500040,25.9,43.1,455,21.1
2024,150,54408,80389914,16599,25374253,34825016,30.5,43.3,569,37.2
2024,160,56252,76930690,16560,24130834,30738897,29.4,40.0,399,27.4
2024,170,5428,9377174,3472,4698838,6635128,64.0,70.8,558,41.2
2024,180,63728,121392576,37447,57889134,80520295,58.8,66.3,604,39.1
2024,190,16136,32565058,9286,15264084,20842654,57.5,64.0,601,36.5
2024,200,7815,16868445,4237,7665902,10430951,54.2,61.8,653,36.1
2024,210,24678,39432014,13628,17975854,24908633,55.2,63.2,509,38.6
2024,220,72581,146891404,47382,76836925,110229614,65.3,75.0,705,43.5
2024,230,20253,36987410,11092,16802051,22872480,54.8,61.8,547,36.1
2024,240,117139,194843139,62576,87324453,122672337,53.4,63.0,565,40.5
2024,250,49417,89203914,28120,42791757,61088636,56.9,68.5,651,42.8
2024,260,36183,54543581,22721,26454046,38061313,62.8,69.8,511,43.9
2024,270,360527,679472131,205778,318121363,458037818,57.1,67.4,680,44.0
2024,280,57143,105976140,31909,49209279,68448431,55.8,64.6,603,39.1
2024,290,46080,81192479,24944,37487151,50874232,54.1,62.7,537,35.7
2024,300,17476,28359984,9722,13052453,17872305,55.6,63.0,496,36.9
2024,310,322169,465612118,199576,232525658,326381338,61.9,70.1,470,40.4
2024,320,173129,252946738,92651,116400207,159744968,53.5,63.2,468,37.2
2024,330,8896,11381261,5313,5636726,7470028,59.7,65.6,345,32.5
2024,340,401755,721263822,254705,357121622,520938346,63.4,72.2,643,45.9
2024,350,125873,181441313,72396,86349987,120355131,57.5,66.3,470,39.4
2024,360,248180,363888827,145327,176730458,238492203,58.6,65.5,425,34.9
2024,370,13432,24165031,7486,11073282,14553712,55.7,60.2,465,31.4
2024,380,44838,70359066,26491,35115482,46580288,59.1,66.2,433,32.6
2024,390,51654,85030222,27714,38906833,51925464,53.7,61.1,470,33.5
2024,Statewide,2565977,4278767909,1427629,2014106444,2803438206,55.6,65.5,553,39.2
2025,110,11132,38718090,5882,26107676,30382743,52.8,78.5,727,16.4
2025,120,18765,56353936,10347,39086849,45339432,55.1,80.5,604,16.0
2025,130,13432,25266597,4142,8107273,11050686,30.8,43.7,711,36.3
2025,140,100564,179520790,32436,70121022,89735519,32.3,50.0,605,28.0
2025,150,50939,80690253,16972,25754175,37315452,33.3,46.2,681,44.9
2025,160,54270,83439181,19064,27988785,38247937,35.1,45.8,538,36.7
2025,170,4930,9648165,3579,5104732,7472717,72.6,77.5,662,46.4
2025,180,60433,131283578,37858,63387525,91992541,62.6,70.1,756,45.1
2025,190,14892,34697986,9504,17241823,24036450,63.8,69.3,715,39.4
2025,200,7043,17514702,4487,8797205,12116616,63.7,69.2,740,37.7
2025,210,23429,42970355,14141,20258377,29388613,60.4,68.4,646,45.1
2025,220,69172,164962201,46468,81615287,127089412,67.2,77.0,979,55.7
2025,230,17325,37278447,10778,17924937,25217353,62.2,67.6,677,40.7
2025,240,112505,216975342,65653,98820754,147003042,58.4,67.8,734,48.8
2025,250,48468,100886779,28928,47538885,72157819,59.7,71.5,851,51.8
2025,260,33725,59363137,23664,29882276,45091954,70.2,76.0,643,50.9
2025,270,347934,764787008,226380,375884161,567089099,65.1,74.1,845,50.9
2025,280,54810,118532245,35537,57229355,86536694,64.8,73.0,825,51.2
2025,290,43905,92155171,28566,45556114,68506390,65.1,74.3,803,50.4
2025,300,16156,30545944,10336,14924158,21451097,64.0,70.2,631,43.7
2025,310,304583,518250018,209234,261446769,393036692,68.7,75.8,629,50.3
2025,320,164862,282916480,100957,135004852,199103853,61.2,70.4,635,47.5
2025,330,8312,12392125,5971,6720468,9507718,71.8,76.7,467,41.5
2025,340,376095,795345108,261704,395312074,614761313,69.6,77.3,839,55.5
2025,350,119912,203459170,77832,99554279,149143377,64.9,73.3,637,49.8
2025,360,233711,403094679,159138,204724128,299522564,68.1,74.3,596,46.3
2025,370,12711,25375730,8718,13292863,18542969,68.6,73.1,602,39.5
2025,380,42545,76831783,29355,40650819,57923037,69.0,75.4,588,42.5
2025,390,47983,90376133,31294,46679287,65453117,65.2,72.4,600,40.2
2025,Statewide,2414544,4693631135,1518921,2284716908,3384216205,62.9,72.1,724,48.1
